guess,entropy
soare,4.079836655397409
roate,4.077631902489318
raise,4.074256529778889
raile,4.065800147436239
reast,4.065625081269982
slate,4.05891419252938
crate,4.044426464977778
salet,4.0442237344009175
irate,4.04201637571831
trace,4.041428402129088
arise,4.0347679418785845
orate,4.032148867872737
stare,4.025299783093858
carte,4.016481018556208
raine,4.011041601619812
caret,4.0041124651436455
ariel,4.003040383931471
